{
    "train_loss": [
        0.1456503967444102,
        0.027469188906252384,
        0.01411252085947328,
        0.013467736542224884,
        0.009658077783468697,
        0.011578832649522357,
        0.012987509007669158,
        0.01062356039053864,
        0.011830062760661045,
        0.009848203872227006,
        0.00900954365109404,
        0.00952127001558741,
        0.008953322501232227,
        0.008326213910347886,
        0.007965196131004227,
        0.008753709081146453,
        0.00794575223699212,
        0.007840310068180164,
        0.007868397308306562,
        0.008031697064224217,
        0.006663973831261198,
        0.006935101028324829,
        0.0059351691096607186,
        0.008781575960003667,
        0.007187620426217715,
        0.0068406058061454035,
        0.0077157341357734464
    ],
    "val_loss": [
        0.31727924942970276,
        0.09121909737586975,
        0.030364295467734337,
        0.0022570607252418995,
        0.003769323928281665,
        0.0019193773623555899,
        0.0037128597032278776,
        0.01673554629087448,
        0.0018660295754671097,
        0.004779091104865074,
        0.0014288369566202164,
        0.0014223519247025251,
        0.0055433837696909904,
        0.002270676428452134,
        0.0022329315543174744,
        0.0017407728591933846,
        0.003013540990650654,
        0.0019863517954945564,
        0.002177747432142496,
        0.003042812692001462,
        0.0025850487872958183,
        0.004903252236545086,
        0.0021718197967857122,
        0.0017711655236780643,
        0.0028825390618294477,
        0.005254792515188456,
        0.007124151568859816
    ]
}