{
    "train_loss": [
        0.08037269074055883,
        0.03777347567180792,
        0.024698058143258095,
        0.026866907253861427,
        0.021769987729688484,
        0.02483562131722768,
        0.018400453341503937,
        0.016564999086161453,
        0.014807823941939406,
        0.01740475982013676
    ],
    "val_loss": [
        0.2830824553966522,
        0.19643981754779816,
        0.0820673331618309,
        0.03898553550243378,
        0.011461597867310047,
        0.0035365871153771877,
        0.0014826245605945587,
        0.0008281593327410519,
        0.0040619694627821445,
        0.0013445996446534991
    ]
}