{
    "train_loss": [
        0.06626961618247959,
        0.017161358354820147,
        0.013081420006023513,
        0.00842339297135671,
        0.007867327943030331,
        0.009562092108858956,
        0.006944109375278155,
        0.006339614176087909,
        0.006124509317386482,
        0.009400162431928847,
        0.005938795188234912,
        0.006028183528946506,
        0.005148302686090271,
        0.004986935760825872,
        0.0051780591408411665,
        0.00515706332710882,
        0.004708303009263343,
        0.003932119204869701,
        0.004384739738371637,
        0.004411137223036753,
        0.003986107353638444,
        0.004045660193595622,
        0.004832407304396232,
        0.004526784022649129,
        0.0041242661730696755,
        0.003749286419608527,
        0.004100513282335467,
        0.00374794522455583,
        0.004389170350299941,
        0.003680997605745991,
        0.0038100701705035237,
        0.0038810921574218404,
        0.0031445912059603464,
        0.003287423686641786,
        0.003048136882070038,
        0.003534139935962028
    ],
    "val_loss": [
        0.14281442761421204,
        0.08769164979457855,
        0.02185455709695816,
        0.003932044841349125,
        0.003570491448044777,
        0.0017757893074303865,
        0.002147532068192959,
        0.0026321171317249537,
        0.007961533032357693,
        0.0026138368993997574,
        0.0021041349973529577,
        0.0022146194241940975,
        0.0042828842997550964,
        0.005465995520353317,
        0.002303491113707423,
        0.008210537023842335,
        0.0027607055380940437,
        0.004030974581837654,
        0.0045761363580822945,
        0.0056284391321241856,
        0.0015961730387061834,
        0.011716533452272415,
        0.001596610527485609,
        0.002590646268799901,
        0.0037729740142822266,
        0.006444385275244713,
        0.005249833222478628,
        0.00919281505048275,
        0.0036846566945314407,
        0.0035429946146905422,
        0.0091598741710186,
        0.0020118416287004948,
        0.003157777711749077,
        0.007621061522513628,
        0.002703800331801176,
        0.013153547421097755
    ]
}