{
    "train_loss": [
        0.03813934357215961,
        0.0095957368094888,
        0.007383558485243056,
        0.005860680377938681,
        0.007004963441027535,
        0.0061321578040305115,
        0.005221404911329349,
        0.004776666510022349,
        0.004404932596824235,
        0.004156501084152196,
        0.004064947884115908,
        0.004646755599727233,
        0.003454676829278469,
        0.0038632992137637404,
        0.0037062694447942907,
        0.0029734724925624,
        0.004106975005318721,
        0.0035939791705459356,
        0.003403826526159214,
        0.004219287825334404,
        0.0030456513890789617,
        0.0037819267405817905,
        0.0029707743734535244,
        0.003750656834907002,
        0.0029527717528657783,
        0.003011783015810781
    ],
    "val_loss": [
        0.4414151608943939,
        0.30127549171447754,
        0.10583321750164032,
        0.05794057250022888,
        0.011156988330185413,
        0.018222862854599953,
        0.012758240103721619,
        0.00975725520402193,
        0.010238969698548317,
        0.014886424876749516,
        0.008388922549784184,
        0.009013119153678417,
        0.008430332876741886,
        0.011962811462581158,
        0.009361924603581429,
        0.010043702088296413,
        0.008670629002153873,
        0.012096310034394264,
        0.010541392490267754,
        0.011963613331317902,
        0.010648675262928009,
        0.011632544919848442,
        0.014271837659180164,
        0.01028074137866497,
        0.00928476918488741,
        0.02171654999256134
    ]
}