{
    "train_loss": [
        0.03859418114139275,
        0.014829396778209642,
        0.008201045492155985,
        0.009523738641291857,
        0.00952753934755244,
        0.005785686090927233,
        0.007416700351644646,
        0.006427973974496126,
        0.004685204941779375,
        0.006451035807417197,
        0.004846010949801315,
        0.005773116284134713,
        0.004550734979354523,
        0.005014973650263114,
        0.004525912713936784,
        0.0037612835347483106,
        0.004027193327519027,
        0.0040272340093824,
        0.0035424495581537485
    ],
    "val_loss": [
        0.30354800820350647,
        0.13513752818107605,
        0.03727765381336212,
        0.002320910105481744,
        0.008320129476487637,
        0.006348379421979189,
        0.011705243960022926,
        0.013528701849281788,
        0.005902244709432125,
        0.009773852303624153,
        0.015768062323331833,
        0.0058011761866509914,
        0.005850453395396471,
        0.018547549843788147,
        0.006798103917390108,
        0.010974456556141376,
        0.01283349934965372,
        0.012448231689631939,
        0.006912851240485907
    ]
}