{
    "train_loss": [
        0.1508002667264505,
        0.041002076119184494,
        0.030811963602900505,
        0.03008680409667167,
        0.02208444323729385,
        0.022146946073255756,
        0.0169925222765993,
        0.01888130952350118,
        0.01643706460229375,
        0.018439035524021496,
        0.0150726337663152,
        0.013395622541958635,
        0.015051370655948465,
        0.01490283782847903,
        0.012336559805341742,
        0.015732255086980083,
        0.011898432604291222,
        0.01416953339834105,
        0.01173058423128995,
        0.01392211036925966,
        0.01214236994697289,
        0.010794313878498295,
        0.011193870016458359,
        0.010076287922195414,
        0.010282021227546713,
        0.010239692489531908,
        0.01106178853660822,
        0.0102553004398942,
        0.010007065043530682,
        0.010565468279475515,
        0.01059035961092873,
        0.010130869478664616,
        0.009095196569846435,
        0.007828055499968204
    ],
    "val_loss": [
        0.08737058192491531,
        0.028864426538348198,
        0.06524436920881271,
        0.03369773551821709,
        0.0293082557618618,
        0.0356471948325634,
        0.03211575746536255,
        0.02930261567234993,
        0.025454970076680183,
        0.032094161957502365,
        0.02680971659719944,
        0.02675388939678669,
        0.0287338700145483,
        0.020974446088075638,
        0.025691695511341095,
        0.02130253054201603,
        0.021724967285990715,
        0.022780057042837143,
        0.017652912065386772,
        0.023131851106882095,
        0.02474711462855339,
        0.026845799759030342,
        0.023949645459651947,
        0.0222158245742321,
        0.02901610918343067,
        0.02347351238131523,
        0.026703590527176857,
        0.024499589577317238,
        0.02572529762983322,
        0.027038555592298508,
        0.02724379487335682,
        0.02613780088722706,
        0.02308882772922516,
        0.02028660662472248
    ]
}