{
    "train_loss": [
        0.12904887240041385,
        0.04524824751371687,
        0.029609609649262646,
        0.02676795431497422,
        0.017335588789798996,
        0.018885855478319256,
        0.014708278616043654,
        0.013434381943873384,
        0.014665504832836714,
        0.012285934295505285,
        0.01362261904234236,
        0.015038370408795097,
        0.011351781600916927,
        0.012425812299955975,
        0.013313334054228935,
        0.010700094852257858,
        0.012189248322763226,
        0.009922661606899717
    ],
    "val_loss": [
        0.08446037769317627,
        0.05894709378480911,
        0.018744762986898422,
        0.020025359466671944,
        0.04972410947084427,
        0.041304826736450195,
        0.03687096759676933,
        0.05225672572851181,
        0.04987885430455208,
        0.05713417008519173,
        0.06845718622207642,
        0.05505199357867241,
        0.032528672367334366,
        0.035145096480846405,
        0.021836642175912857,
        0.02740759775042534,
        0.031956665217876434,
        0.02596360631287098
    ]
}