{
    "train_loss": [
        0.20399471993247667,
        0.034891101635164685,
        0.024462387276192505,
        0.017167409881949425,
        0.015533554264240794,
        0.010482834859026803,
        0.012299724130166901,
        0.013691447261306975,
        0.01233495308810638,
        0.011669955785489745,
        0.009488056258608898,
        0.010677018306321569,
        0.008956383499834273,
        0.010647997984455692,
        0.008904321274409691,
        0.009430077237387499,
        0.009834400947309203,
        0.010458124232374959,
        0.009406058945589595,
        0.008805238383097781,
        0.008831457079698643,
        0.006949218455702066,
        0.00648383056331012,
        0.00835786128623618,
        0.00798101205792692,
        0.007973613165732887,
        0.006211540040870507
    ],
    "val_loss": [
        0.48556917905807495,
        0.2353561371564865,
        0.06835991889238358,
        0.0019344622269272804,
        0.004719954915344715,
        0.002765118610113859,
        0.0015478271525353193,
        0.001696412218734622,
        0.0019984208047389984,
        0.002941354876384139,
        0.0016020828625187278,
        0.0014181218575686216,
        0.002618515631183982,
        0.0017907937290146947,
        0.010560089722275734,
        0.00187233230099082,
        0.006517341826111078,
        0.0016928781988099217,
        0.006661649327725172,
        0.0018538933945819736,
        0.0024912338703870773,
        0.001699069980531931,
        0.0018825317965820432,
        0.0023551895283162594,
        0.0018336090724915266,
        0.0027199634350836277,
        0.0017381454817950726
    ]
}