{
    "train_loss": [
        0.29795756936073303,
        0.05099451508034359,
        0.028460125692866066,
        0.020918113602833313,
        0.017669038593091747,
        0.016626269133253532,
        0.010845156852155924,
        0.01634056679904461,
        0.012223673815077002,
        0.014615107920359482,
        0.011002903169190342,
        0.011362839066846804,
        0.01264565692029216,
        0.010467340323058042,
        0.009234985971654003,
        0.009797950698570772,
        0.011245390950617466,
        0.01244857632131739
    ],
    "val_loss": [
        0.42798957228660583,
        0.1696818470954895,
        0.015164598822593689,
        0.042390912771224976,
        0.05009257048368454,
        0.1392485499382019,
        0.059630196541547775,
        0.11802515387535095,
        0.08500546962022781,
        0.07627128064632416,
        0.056034743785858154,
        0.03475406393408775,
        0.0711042732000351,
        0.0546749047935009,
        0.041917834430933,
        0.060320090502500534,
        0.03702319413423538,
        0.07516372948884964
    ]
}